{
    "nitrogen": {
        "selected_model": "HistGradientBoosting",
        "test_r2": 0.8737351815662523,
        "test_rmse": 6.282449119571502,
        "test_mae": 5.109530118264898,
        "feature_importances": {},
        "all_metrics": {
            "RandomForest": {
                "cv_r2_mean": 0.9096642437290241,
                "cv_r2_std": 0.013589592969764365,
                "cv_rmse_mean": 6.006685413210169,
                "cv_mae_mean": 4.826461589596748,
                "test_r2": 0.8653369749788279,
                "test_rmse": 6.488017068894157,
                "test_mae": 5.1130259875726125
            },
            "GradientBoosting": {
                "cv_r2_mean": 0.8984341793874753,
                "cv_r2_std": 0.01631823850240196,
                "cv_rmse_mean": 6.366707348964716,
                "cv_mae_mean": 5.114958256936226,
                "test_r2": 0.8543897277680002,
                "test_rmse": 6.746582067744245,
                "test_mae": 5.354952260927814
            },
            "HistGradientBoosting": {
                "cv_r2_mean": 0.9046499090097289,
                "cv_r2_std": 0.004258744148257693,
                "cv_rmse_mean": 6.218187481664086,
                "cv_mae_mean": 4.966095032103906,
                "test_r2": 0.8737351815662523,
                "test_rmse": 6.282449119571502,
                "test_mae": 5.109530118264898
            }
        }
    },
    "phosphorus": {
        "selected_model": "RandomForest",
        "test_r2": 0.8250011522338253,
        "test_rmse": 3.057008410489376,
        "test_mae": 2.3294862508692322,
        "feature_importances": {
            "silt": 0.10258474023744218,
            "B02": 0.09595231243991985,
            "B12": 0.09482851575043477,
            "B03": 0.09403658142308337,
            "B11": 0.08936919755010828,
            "clay": 0.088915441531693,
            "NDVI": 0.08584200594273944,
            "B08": 0.07937166573514252,
            "bulk_density": 0.07488998593831717,
            "sand": 0.06433781274560944,
            "EVI": 0.05290357985805899,
            "NDRE": 0.04164946316218426,
            "B04": 0.0353186976852668
        },
        "all_metrics": {
            "RandomForest": {
                "cv_r2_mean": 0.7990820811703255,
                "cv_r2_std": 0.06685717295063395,
                "cv_rmse_mean": 3.3708557067446536,
                "cv_mae_mean": 2.649741456235895,
                "test_r2": 0.8250011522338253,
                "test_rmse": 3.057008410489376,
                "test_mae": 2.3294862508692322
            },
            "GradientBoosting": {
                "cv_r2_mean": 0.7639773005188879,
                "cv_r2_std": 0.09393508721374681,
                "cv_rmse_mean": 3.6282144805784085,
                "cv_mae_mean": 2.8572838393145514,
                "test_r2": 0.8060579977456594,
                "test_rmse": 3.2182144197835085,
                "test_mae": 2.420880580095854
            },
            "HistGradientBoosting": {
                "cv_r2_mean": 0.7997872971959785,
                "cv_r2_std": 0.06321611145435176,
                "cv_rmse_mean": 3.3739776792650744,
                "cv_mae_mean": 2.7078044427460943,
                "test_r2": 0.8075455687317667,
                "test_rmse": 3.2058485123743825,
                "test_mae": 2.413749598353285
            }
        }
    },
    "potassium": {
        "selected_model": "HistGradientBoosting",
        "test_r2": 0.5472910326987439,
        "test_rmse": 11.259272088380419,
        "test_mae": 8.682931302611747,
        "feature_importances": {},
        "all_metrics": {
            "RandomForest": {
                "cv_r2_mean": 0.5997686616593194,
                "cv_r2_std": 0.05971167840121775,
                "cv_rmse_mean": 10.068326612578122,
                "cv_mae_mean": 8.225951090806053,
                "test_r2": 0.4896445467205548,
                "test_rmse": 11.954657704989557,
                "test_mae": 9.339075311870383
            },
            "GradientBoosting": {
                "cv_r2_mean": 0.5460790009139316,
                "cv_r2_std": 0.06601913509633378,
                "cv_rmse_mean": 10.709892836909656,
                "cv_mae_mean": 8.779590062929682,
                "test_r2": 0.47468952903173767,
                "test_rmse": 12.128547532136762,
                "test_mae": 9.261341126940314
            },
            "HistGradientBoosting": {
                "cv_r2_mean": 0.6110853528762744,
                "cv_r2_std": 0.057999042039028954,
                "cv_rmse_mean": 9.943301078143323,
                "cv_mae_mean": 8.172930002354738,
                "test_r2": 0.5472910326987439,
                "test_rmse": 11.259272088380419,
                "test_mae": 8.682931302611747
            }
        }
    },
    "soc": {
        "selected_model": "RandomForest",
        "test_r2": 0.8984324161573225,
        "test_rmse": 0.05904531848695973,
        "test_mae": 0.04791417365967377,
        "feature_importances": {
            "NDVI": 0.16360873834508294,
            "B03": 0.13879407004295083,
            "B08": 0.132370896663114,
            "B02": 0.12392786815385717,
            "NDRE": 0.10239260946416782,
            "EVI": 0.09524227847231079,
            "sand": 0.04214015572097009,
            "B04": 0.04006084943383612,
            "silt": 0.038360500767242206,
            "clay": 0.03463225267365964,
            "B11": 0.033930398872580446,
            "B12": 0.027418388853248737,
            "bulk_density": 0.027120992536979343
        },
        "all_metrics": {
            "RandomForest": {
                "cv_r2_mean": 0.9022179204505967,
                "cv_r2_std": 0.022401093260979662,
                "cv_rmse_mean": 0.06378543839325046,
                "cv_mae_mean": 0.05142115088846334,
                "test_r2": 0.8984324161573225,
                "test_rmse": 0.05904531848695973,
                "test_mae": 0.04791417365967377
            },
            "GradientBoosting": {
                "cv_r2_mean": 0.8883173023452194,
                "cv_r2_std": 0.02099804242634503,
                "cv_rmse_mean": 0.06838162958252221,
                "cv_mae_mean": 0.054872071096531506,
                "test_r2": 0.8949598693500359,
                "test_rmse": 0.060046200972926865,
                "test_mae": 0.048239874745329384
            },
            "HistGradientBoosting": {
                "cv_r2_mean": 0.903633041444215,
                "cv_r2_std": 0.02085868896405763,
                "cv_rmse_mean": 0.06353597550885995,
                "cv_mae_mean": 0.0517451397077997,
                "test_r2": 0.893027203439464,
                "test_rmse": 0.06059608744744967,
                "test_mae": 0.049102743874305
            }
        }
    },
    "ph": {
        "selected_model": "RandomForest",
        "test_r2": 0.3291475898659898,
        "test_rmse": 0.22526367558369598,
        "test_mae": 0.17970291110824727,
        "feature_importances": {
            "B12": 0.09145890384063199,
            "NDVI": 0.090294199883705,
            "B04": 0.08692336185860912,
            "clay": 0.08112479245310739,
            "B03": 0.08002173483104373,
            "EVI": 0.07773393933008463,
            "B02": 0.07739091343179383,
            "sand": 0.07731465267136867,
            "silt": 0.07476352907400462,
            "B11": 0.07028582711015978,
            "bulk_density": 0.0681333120061322,
            "B08": 0.06454339985006777,
            "NDRE": 0.06001143365929153
        },
        "all_metrics": {
            "RandomForest": {
                "cv_r2_mean": 0.3760664620111072,
                "cv_r2_std": 0.18409986194665934,
                "cv_rmse_mean": 0.2132274669028793,
                "cv_mae_mean": 0.1662941731066204,
                "test_r2": 0.3291475898659898,
                "test_rmse": 0.22526367558369598,